id_comentario,subreddit,idioma,texto_original,etiqueta,texto_limpio
cmt_0001,r/Millennials,es,"Todos esos inmigrantes que vienen a quitarnos los empleos deberían ser expulsados a la fuerza. u/carlos_90 tiene razón, arruinan nuestro país.",Odio,"Todos esos inmigrantes que vienen a quitarnos los empleos deberían ser expulsados a la fuerza. [USER] tiene razón, arruinan nuestro país."
cmt_0002,r/Millennials,es,La culpa de que no haya viviendas es de esa plaga de extranjeros ilegales. Míralo tú mismo en https://noticias-locales.com/crisis.,Odio,La culpa de que no haya viviendas es de esa plaga de extranjeros ilegales. Míralo tú mismo en [URL].
cmt_0003,r/Millennials,es,Esa comunidad de degenerados LGBT está destruyendo los valores familiares tradicionales con los que crecimos en los 90s. Dan asco.,Odio,Esa comunidad de degenerados LGBT está destruyendo los valores familiares tradicionales con los que crecimos en los 90s. Dan asco.
cmt_0004,r/Millennials,es,Las feminazis modernas solo quieren privilegios y destruir a los hombres trabajadores. No sirven para nada. /u/antifem_truth,Odio,Las feminazis modernas solo quieren privilegios y destruir a los hombres trabajadores. No sirven para nada. [USER]
cmt_0005,r/Millennials,es,"Esa etnia siempre ha sido una lacra social y criminal. No es racismo, es la pura realidad biológica https://datos-falsos.org/estudio.",Odio,"Esa etnia siempre ha sido una lacra social y criminal. No es racismo, es la pura realidad biológica [URL]."
cmt_0006,r/Millennials,es,Deberíamos mandar a todos esos refugiados de vuelta a su basurero antes de que nos reemplacen a todos los ciudadanos honestos.,Odio,Deberíamos mandar a todos esos refugiados de vuelta a su basurero antes de que nos reemplacen a todos los ciudadanos honestos.
cmt_0007,r/Millennials,es,"Eres un tonto no sirves para nada bruto, cállate estúpido y deja de opinar idioteces u/bocazas.",Ofensivo,"Eres un tonto no sirves para nada bruto, cállate estúpido y deja de opinar idioteces [USER]."
cmt_0008,r/Millennials,es,Eres un inútil y un fracasado patético de 35 años que no sirve para nada. Das vergüenza ajena 🤡.,Ofensivo,Eres un inútil y un fracasado patético de 35 años que no sirve para nada. Das vergüenza ajena 🤡.
cmt_0009,r/Millennials,es,"Cállate estúpido lamebotas insoportable, vete al carajo con tus consejos baratos https://linkedin.com/in/fakecoach.",Ofensivo,"Cállate estúpido lamebotas insoportable, vete al carajo con tus consejos baratos [URL]."
cmt_0010,r/Millennials,es,"Maldita sea, estoy harto de idiotas y brutos como /u/marcos_rr que defienden a los usureros. Púdrete.",Ofensivo,"Maldita sea, estoy harto de idiotas y brutos como [USER] que defienden a los usureros. Púdrete."
cmt_0011,r/Millennials,es,Tu comentario es una completa basura y tú eres un tonto que no sabe nada de la vida. Púdrete.,Ofensivo,Tu comentario es una completa basura y tú eres un tonto que no sabe nada de la vida. Púdrete.
cmt_0012,r/Millennials,es,"Deja de llorar por cualquier estupidez, imbécil inútil. Madura de una maldita vez y ponte a trabajar.",Ofensivo,"Deja de llorar por cualquier estupidez, imbécil inútil. Madura de una maldita vez y ponte a trabajar."
cmt_0013,r/Millennials,es,¿Alguien más recuerda pasar las tardes jugando con la Nintendo 64 y comiendo cereales? Qué buenos tiempos u/retro_gamer.,Neutro,¿Alguien más recuerda pasar las tardes jugando con la Nintendo 64 y comiendo cereales? Qué buenos tiempos [USER].
cmt_0014,r/Millennials,es,La subida de los tipos de interés hace imposible comprar un piso ahora mismo en las grandes ciudades. Les comparto este informe: https://ine.es/vivienda2024.,Neutro,La subida de los tipos de interés hace imposible comprar un piso ahora mismo en las grandes ciudades. Les comparto este informe: [URL].
cmt_0015,r/Millennials,es,A mis 34 años decidí cambiar de carrera hacia desarrollo de software y fue la mejor decisión 💻🚀.,Neutro,A mis 34 años decidí cambiar de carrera hacia desarrollo de software y fue la mejor decisión 💻🚀.
cmt_0016,r/Millennials,es,Me gusta mucho cómo /u/psicologia_millennial explica el síndrome de burnout en su blog: https://saludmental.org/burnout.,Neutro,Me gusta mucho cómo [USER] explica el síndrome de burnout en su blog: [URL].
cmt_0017,r/Millennials,es,¿Qué podcasts en español recomiendan sobre finanzas personales y ahorro para el retiro?,Neutro,¿Qué podcasts en español recomiendan sobre finanzas personales y ahorro para el retiro?
cmt_0018,r/Millennials,es,Totalmente de acuerdo con tu punto sobre el equilibrio entre la vida laboral y personal. Saludos @ana_maldonado.,Neutro,Totalmente de acuerdo con tu punto sobre el equilibrio entre la vida laboral y personal. Saludos [USER].
cmt_0019,r/Millennials,en,All these illegal immigrants pouring across the border are ruining our communities. Send them all back where they belong! u/border_patrol.,Odio,All these illegal immigrants pouring across the border are ruining our communities. Send them all back where they belong! [USER].
cmt_0020,r/Millennials,en,Trans ideology is a mental illness pushed by sick perverts targeting our children. Look at this madness: https://fake-news-patriot.org/leak.,Odio,Trans ideology is a mental illness pushed by sick perverts targeting our children. Look at this madness: [URL].
cmt_0021,r/Millennials,en,Women only marry for money and ruin men in family courts. They are selfish parasites /u/mgtow_legacy.,Odio,Women only marry for money and ruin men in family courts. They are selfish parasites [USER].
cmt_0022,r/Millennials,en,"Certain ethnic groups are genetically prone to crime and lower IQ, look at the stats on https://alt-stats.net/crimes.",Odio,"Certain ethnic groups are genetically prone to crime and lower IQ, look at the stats on [URL]."
cmt_0023,r/Millennials,en,"Muslim refugees will never integrate into Western society, they want to enforce sharia law and replace us all.",Odio,"Muslim refugees will never integrate into Western society, they want to enforce sharia law and replace us all."
cmt_0024,r/Millennials,en,Those disgusting degenerates in pride parades shouldn't be allowed around decent people. u/traditional_values_guy.,Odio,Those disgusting degenerates in pride parades shouldn't be allowed around decent people. [USER].
cmt_0025,r/Millennials,en,"Shut your fucking mouth, you clueless corporate bootlicker. Nobody asked for your stupid opinion u/office_drone.",Ofensivo,"Shut your fucking mouth, you clueless corporate bootlicker. Nobody asked for your stupid opinion [USER]."
cmt_0026,r/Millennials,en,You're 38 and still broke complaining about landlords? Get off your lazy ass and stop being a pathetic loser 🤡.,Ofensivo,You're 38 and still broke complaining about landlords? Get off your lazy ass and stop being a pathetic loser 🤡.
cmt_0027,r/Millennials,en,Go fuck yourself. Your take on the housing market is literally brain-dead https://reddit.com/r/housing/idiots.,Ofensivo,Go fuck yourself. Your take on the housing market is literally brain-dead [URL].
cmt_0028,r/Millennials,en,What a complete piece of shit /u/crypto_bro_99 is for scamming people in this sub.,Ofensivo,What a complete piece of shit [USER] is for scamming people in this sub.
cmt_0029,r/Millennials,en,You are an insufferable prick and everyone in your office probably hates you behind your back.,Ofensivo,You are an insufferable prick and everyone in your office probably hates you behind your back.
cmt_0030,r/Millennials,en,Stop crying like a little bitch and take accountability for your awful life choices.,Ofensivo,Stop crying like a little bitch and take accountability for your awful life choices.
cmt_0031,r/Millennials,en,Remember coming home from middle school to watch TRL on MTV and log into AIM? The nostalgia hits hard u/90s_kid.,Neutro,Remember coming home from middle school to watch TRL on MTV and log into AIM? The nostalgia hits hard [USER].
cmt_0032,r/Millennials,en,We finally paid off the last of our student loans today after 11 years! Such a relief 🥑🎉.,Neutro,We finally paid off the last of our student loans today after 11 years! Such a relief 🥑🎉.
cmt_0033,r/Millennials,en,Here is a great breakdown of index fund investing for 30-somethings: https://bogleheads.org/wiki/Three-fund_portfolio.,Neutro,Here is a great breakdown of index fund investing for 30-somethings: [URL].
cmt_0034,r/Millennials,en,"Honestly, cutting out alcohol in my mid-30s completely cured my chronic fatigue and insomnia @healthy_habits.",Neutro,"Honestly, cutting out alcohol in my mid-30s completely cured my chronic fatigue and insomnia [USER]."
cmt_0035,r/Millennials,en,Did anyone else transition from tech into trades? Wondering if plumbing or electrical is worth learning now.,Neutro,Did anyone else transition from tech into trades? Wondering if plumbing or electrical is worth learning now.
cmt_0036,r/Millennials,en,"Check out /u/cooking_enthusiast's recipe for sourdough bread, made it yesterday and it turned out amazing https://cooking.com/bread.",Neutro,"Check out [USER]'s recipe for sourdough bread, made it yesterday and it turned out amazing [URL]."
cmt_0037,r/GenZ,es,"Todos los maricones y raritos de género deberían ser internados en psiquiátricos, dan asco en la escuela u/edgy_teen.",Odio,"Todos los maricones y raritos de género deberían ser internados en psiquiátricos, dan asco en la escuela [USER]."
cmt_0038,r/GenZ,es,Esa gente marrón que invade nuestros colegios debería largarse de España. Arruinan nuestra cultura https://nacionalismo-extremo.com.,Odio,Esa gente marrón que invade nuestros colegios debería largarse de España. Arruinan nuestra cultura [URL].
cmt_0039,r/GenZ,es,Las feministas modernas son todas unas gordas resentidas que odian a los hombres porque nadie se las coge /u/alfa_redpill.,Odio,Las feministas modernas son todas unas gordas resentidas que odian a los hombres porque nadie se las coge [USER].
cmt_0040,r/GenZ,es,Los judíos controlan toda la industria musical y los medios para manipular a nuestra generación. Despierten: https://conspiracion.net/agenda.,Odio,Los judíos controlan toda la industria musical y los medios para manipular a nuestra generación. Despierten: [URL].
cmt_0041,r/GenZ,es,"Ojalá limpien las calles de todos esos mendigos y gitanos, son una escoria que no merece derechos humanos.",Odio,"Ojalá limpien las calles de todos esos mendigos y gitanos, son una escoria que no merece derechos humanos."
cmt_0042,r/GenZ,es,Esas personas trans mutilan sus cuerpos y esperan que celebremos su perversión. Son enfermos mentales @vox_fan.,Odio,Esas personas trans mutilan sus cuerpos y esperan que celebremos su perversión. Son enfermos mentales [USER].
cmt_0043,r/GenZ,es,"Cállate la puta boca, eres un tonto no sirves para nada bruto. Cero rizz u/skibidi_clown 💀.",Ofensivo,"Cállate la puta boca, eres un tonto no sirves para nada bruto. Cero rizz [USER] 💀."
cmt_0044,r/GenZ,es,"Cállate estúpido, das cringe supremo con tus tiktoks de mierda. Eres un inútil borra la cuenta.",Ofensivo,"Cállate estúpido, das cringe supremo con tus tiktoks de mierda. Eres un inútil borra la cuenta."
cmt_0045,r/GenZ,es,"Tu opinión es pura basura, eres un bruto si de verdad crees que la uni vale la pena https://reddit.com/r/GenZ/comments/123.",Ofensivo,"Tu opinión es pura basura, eres un bruto si de verdad crees que la uni vale la pena [URL]."
cmt_0046,r/GenZ,es,"Maldito tonto ignorante /u/toxic_gamer, aprende a jugar o desinstala el juego pedazo de bruto.",Ofensivo,"Maldito tonto ignorante [USER], aprende a jugar o desinstala el juego pedazo de bruto."
cmt_0047,r/GenZ,es,"Qué asco de pavo, eres un estúpido inútil, ojalá te atropellen por pesado.",Ofensivo,"Qué asco de pavo, eres un estúpido inútil, ojalá te atropellen por pesado."
cmt_0048,r/GenZ,es,"Deja de decir mamadas y ponte a estudiar, payaso tonto y fracasado 🤡.",Ofensivo,"Deja de decir mamadas y ponte a estudiar, payaso tonto y fracasado 🤡."
cmt_0049,r/GenZ,es,"La verdad la situación laboral para los recién graduados está bastante difícil, pero no hay que rendirse u/estudiante_2004.",Neutro,"La verdad la situación laboral para los recién graduados está bastante difícil, pero no hay que rendirse [USER]."
cmt_0050,r/GenZ,es,Encontré este canal de YouTube que explica cálculo multivariable genial: https://youtube.com/watch?v=calculo_pro.,Neutro,Encontré este canal de YouTube que explica cálculo multivariable genial: [URL].
cmt_0051,r/GenZ,es,Siento que nuestra generación tiene mucha conciencia ambiental pero poca esperanza real frente al cambio climático 🌱.,Neutro,Siento que nuestra generación tiene mucha conciencia ambiental pero poca esperanza real frente al cambio climático 🌱.
cmt_0052,r/GenZ,es,"Para los que buscan su primer empleo en tech, les recomiendo armar proyectos en GitHub: https://github.com/recursos-juniors.",Neutro,"Para los que buscan su primer empleo en tech, les recomiendo armar proyectos en GitHub: [URL]."
cmt_0053,r/GenZ,es,¿Alguien más siente que TikTok arruinó su capacidad de concentración para leer libros enteros? @sofia_lectora,Neutro,¿Alguien más siente que TikTok arruinó su capacidad de concentración para leer libros enteros? [USER]
cmt_0054,r/GenZ,es,"Tremendo beat el nuevo tema que subió /u/prod_marcos a Soundcloud, tiene muy buena vibra 🔥🎧.",Neutro,"Tremendo beat el nuevo tema que subió [USER] a Soundcloud, tiene muy buena vibra 🔥🎧."
cmt_0055,r/GenZ,en,Get these third-world illegal invaders out of our country before they turn every city into a ghetto u/genz_nationalist.,Odio,Get these third-world illegal invaders out of our country before they turn every city into a ghetto [USER].
cmt_0056,r/GenZ,en,Trans people are mentally ill groomers and should not be allowed anywhere near children or schools: https://radical-take.org/truth.,Odio,Trans people are mentally ill groomers and should not be allowed anywhere near children or schools: [URL].
cmt_0057,r/GenZ,en,Women have zero loyalty and only seek validation on TikTok while destroying real masculinity. Total subhumans /u/based_sigmamale.,Odio,Women have zero loyalty and only seek validation on TikTok while destroying real masculinity. Total subhumans [USER].
cmt_0058,r/GenZ,en,"Certain races have lower genetic potential for science and tech, it's basic evolutionary biology https://race-facts-fake.com/chart.",Odio,"Certain races have lower genetic potential for science and tech, it's basic evolutionary biology [URL]."
cmt_0059,r/GenZ,en,Gay pride is degenerate propaganda funded by globalist elites to depopulate the West. Disgusting pigs.,Odio,Gay pride is degenerate propaganda funded by globalist elites to depopulate the West. Disgusting pigs.
cmt_0060,r/GenZ,en,Feminism is a cancer that ruined modern society. Women should be stripped of voting rights @anti_woke_18.,Odio,Feminism is a cancer that ruined modern society. Women should be stripped of voting rights [USER].
cmt_0061,r/GenZ,en,Shut the fuck up you brainrotted NPC. Your take has zero rizz and maximum cringe u/clown_energy 💀.,Ofensivo,Shut the fuck up you brainrotted NPC. Your take has zero rizz and maximum cringe [USER] 💀.
cmt_0062,r/GenZ,en,"Delete your account you absolute dumbass, you have negative IQ and no future https://tiktok.com/@loser/video/1.",Ofensivo,"Delete your account you absolute dumbass, you have negative IQ and no future [URL]."
cmt_0063,r/GenZ,en,Go touch grass you pathetic virgin neckbeard. Nobody cares about your useless crying /u/edgelord420.,Ofensivo,Go touch grass you pathetic virgin neckbeard. Nobody cares about your useless crying [USER].
cmt_0064,r/GenZ,en,"You're a miserable piece of shit for cheating on your exams. Get exposed, bitch.",Ofensivo,"You're a miserable piece of shit for cheating on your exams. Get exposed, bitch."
cmt_0065,r/GenZ,en,"Stop yapping holy shit, you're annoying as fuck and everyone in the group chat laughs at you.",Ofensivo,"Stop yapping holy shit, you're annoying as fuck and everyone in the group chat laughs at you."
cmt_0066,r/GenZ,en,Bro is actually retarded if he thinks buying crypto memecoins is an investment strategy 🤡.,Ofensivo,Bro is actually retarded if he thinks buying crypto memecoins is an investment strategy 🤡.
cmt_0067,r/GenZ,en,Does anyone else feel like college tuition is just way too overpriced compared to learning online? u/study_grind.,Neutro,Does anyone else feel like college tuition is just way too overpriced compared to learning online? [USER].
cmt_0068,r/GenZ,en,Here is a free curated list of internships for summer 2025: https://github.com/pittcsc/Summer2025-Internships.,Neutro,Here is a free curated list of internships for summer 2025: [URL].
cmt_0069,r/GenZ,en,"Actually no cap, learning how to cook simple meals saved me so much money living in the dorms 🍳.",Neutro,"Actually no cap, learning how to cook simple meals saved me so much money living in the dorms 🍳."
cmt_0070,r/GenZ,en,Check out this guide by /u/budget_buddy on building credit safely as a college freshman: https://nerdwallet.com/best-credit-cards.,Neutro,Check out this guide by [USER] on building credit safely as a college freshman: [URL].
cmt_0071,r/GenZ,en,I really love how our generation prioritizes mental health over hustle culture burnout ✨.,Neutro,I really love how our generation prioritizes mental health over hustle culture burnout ✨.
cmt_0072,r/GenZ,en,What are your favorite indie games released this year? Need recommendations for steam summer sale @gaming_vibes.,Neutro,What are your favorite indie games released this year? Need recommendations for steam summer sale [USER].
